,Team,Player,Mouse,Hz,DPI,Sens,eDPI,Scoped Sens,Monitor,Resolution,Mousepad,Keyboard,Headset
,FaZe Clan,Shanks,ASUS ROG Harpe Ace,1000,400,0.4,160,1,ZOWIE XL2546,1920x1080,ZOWIE G-SR-SE Rouge,ASUS ROG Falchion RX Low Profile,HyperX Cloud II
,MOUZ,iluri,Razer Deathadder V3 Pro Black,4000,800,0.32,256,1,ZOWIE XL2546K,1280x960,Razer Gigantus V2,Razer Huntsman Mini,Razer BlackShark V2 Pro Black
,MOUZ,Obnoks,Razer Deathadder V3 Pro Black,1000,400,0.333,131.2,1,AOC AG254FG,1920x1080,Razer Gigantus V2,Razer Huntsman V2 TKL,Razer BlackShark V2 Pro Black
,G2 Esports,icy,ZOWIE EC2-CW,1000,1600,0.17,272,0.95,ZOWIE XL2566K,1920x1080,Artisan Ninja FX Zero Soft Orange,SteelSeries Apex Pro TKL (2023),Logitech G Pro X Headset
,G2 Esports,JonahP,Logitech G Pro X Superlight 2 White,1000,400,0.5,200,1,ZOWIE XL2546,1920x1080,GameSense Radar Purple,Wooting 60 HE,Sennheiser GAME ZERO
,G2 Esports,valyn,Logitech G Pro X Superlight 2 Magenta,1000,1600,0.15,240,1,ZOWIE XL2566K,1920x1080,Logitech G640 Black,Wooting 60 HE,Logitech G Pro X Headset
,G2 Esports,ShahZaM,Lamzu Thorn White,1000,800,0.265,212,1,ZOWIE XL2546,1920x1080,Artisan Ninja FX Zero Soft,Wooting 60 HE,HyperX Cloud II
,G2 Esports,leaf,Logitech G Pro X Superlight 2 White,2000,1600,0.065,104.00,1,ZOWIE XL2566K,1280x1024,Artisan FX Hien XSoft Wine Red,Wooting 60 HE,HyperX Cloud II
,G2 Esports,trent,Razer Viper V3 Pro Black,1000,1600,0.125,200,1.009,ZOWIE XL2546,1440x1080,Artisan FX Hien Soft,Wooting 60 HE,HyperX Cloud II
,Team Vitality,Destrian,Razer Viper V2 Pro White,,,,,,,,VAXEE PA FunSpark V2,,
,Team Vitality,runneR,Razer Viper V3 Pro Black,1000,400,0.44,176,,,1280x960,Xtrfy GP5 Vitality 10th Anniversary,Xtrfy K5 Compact RGB Black,JBL Quantum One
,Team Vitality,Kicks,Razer Viper V3 Pro Black,1000,800,0.27,216,,ZOWIE XL2546K,1920x1080,Artisan Ninja FX Zero Soft,Wooting 60 HE,Logitech G Pro X Headset
,Team Vitality,Sayf,Logitech G Pro X Superlight Red,1000,400,0.6,240.00,1.3,ASUS ROG SWIFT PG259QN,1280x1024,Artisan FX Hien XSoft,Wooting 60 HE,HyperX Cloud II
,Team Vitality,trexx,G-Wolves Hati-M White Sapphire Stardust,1000,800,0.226,180.8,1,ZOWIE XL2546K,1920x1080,VAXEE PA ZYGEN,Anne Pro 2,HyperX Cloud Alpha S
,Team Vitality,ceNder,Razer Deathadder V3 Pro White,1000,400,0.35,140,1,AlienWare AW2518HF,1920x1080,ZOWIE G-SR-SE Rouge,Ducky One 2 Mini,HyperX Cloud Alpha S
,Natus Vincere,ardiis,Logitech G Pro X Superlight White,1000,800,0.27,216,1,AOC AG251FZ2E,1920x1080,Artisan Ninja FX Zero Soft,Logitech G Pro X Keyboard,Logitech G Pro X Headset
,Natus Vincere,Crazyface,Logitech G Pro X Superlight 2 Black,1000,800,0.4,320.00,1,ZOWIE XL2566K,1920x1080,ASUS ROG Hone Ace Aim Lab,Wooting 60 HE,Logitech G PRO X 2 Headset Black
,Natus Vincere,Suygetsu,Razer Deathadder V3 Pro White,1000,800,0.26,208.00,1.1,ZOWIE XL2546,1920x1080,Artisan Ninja FX Zero XSoft,Logitech G Pro X 60,Logitech G Pro X Headset
,Natus Vincere,Zyppan,Logitech G Pro X Superlight 2 Black,1000,800,0.24,192,1,,1920x1080,Logitech G640 Original,Logitech G Pro X Keyboard,
,Natus Vincere,ANGE1,Razer Deathadder V3 Pro White,1000,800,0.5,400,1,ZOWIE XL2546,1920x1080,Artisan Type 99 Gray,Logitech G Pro X TKL Keyboard Black,HyperX Cloud Revolver
,Natus Vincere,Shao,Razer Deathadder V3 Pro Black,1000,800,0.35,280,1,ZOWIE XL2546,1920x1080,Artisan Ninja FX Zero Soft,Logitech G Pro X 60,HyperX Cloud II
,Cloud9,runi,Logitech G Pro X Superlight 2 Magenta,1000,800,0.3,240,1,ZOWIE XL2566K,1920x1080,Artisan Ninja FX Zero Soft,,HyperX Cloud II
,Cloud9,Xeppaa,ZOWIE EC2-CW,1000,1600,0.175,280,1,ZOWIE XL2566K,1280x960,ZOWIE G-SR-SE Gris,HyperX Alloy Origins Core,HyperX Cloud II
,Cloud9,Moose,Razer Deathadder V3 Pro White,1000,800,0.33,264,1,ZOWIE XL2546,1280x960,SteelSeries QcK Heavy,Logitech G915 TKL Carbon,HyperX Cloud II Wireless
,Cloud9,OXY,Logitech G Pro X Superlight Black,1000,800,0.23,184,0.914,,1600x1024,ZOWIE G-SR-SE Gris,Wooting 60 HE,Sennheiser HD 599
,Cloud9,vanity,VAXEE ZYGEN NP-01S Wireless Black,1000,1600,0.141,225.6,1,ZOWIE XL2566K,1920x1080,Artisan Ninja FX Zero XSoft Orange,Wooting 60 HE,HyperX Cloud II
,Team Liquid,Mendo,Logitech G Pro X Superlight White,1000,450,0.55,247.5,1,Alienware AW2521H,1440x1080,Artisan Ninja FX Zero Soft,Custom Keyboard,beyerdynamic DT 1990 PRO
,Team Liquid,bstrdd,Logitech G Pro X Superlight 2 Black,2000,800,0.29,232,,Alienware AW2521HF,1920x1080,Artisan Ninja FX Zero XSoft,Wooting 60 HE,HyperX Cloud III
,Team Liquid,Jamppi,ZOWIE EC1-CW,1000,800,0.317,253.56,1.009,Alienware AW2523HF,1440x1080,VAXEE PB,Alienware AW420K,HyperX Cloud II
,Team Liquid,Keiko,Lamzu Thorn Black,1000,800,0.25,200,1,Alienware AW2523HF,1280x960,Artisan FX Hien Mid,Wooting 60 HE,
,Team Liquid,Enzo,Lamzu Atlantis,1000,800,0.314,251.2,1,Alienware AW2523HF,1440x1080,VAXEE PB,Razer Huntsman V2,HyperX Cloud III
,Team Liquid,Mistic,Logitech G Pro X Superlight Magenta,1000,800,0.24,192,1,Alienware AW2523HF,1280x960,VAXEE PA FunSpark,Wooting 60 HE,HyperX Cloud II
,Team Liquid,nAts,ZOWIE EC2-CW,1000,800,0.49,392,1,Alienware AW2523HF,1280x960,VAXEE PA Black,Razer Huntsman V3 Pro TKL Black,HyperX Cloud III
,Team Liquid,frttt,ZOWIE EC2,1000,1600,0.755,1208,1,Alienware AW2521HF,1920x1080,HyperX Fury S Pro,HyperX Alloy FPS,HyperX Cloud II
,Team Liquid,joojina,Lamzu Thorn Black,1000,800,0.4,320,,Alienware AW2521HF,1920x1080,VAXEE PA FunSpark,Alienware AW420K,HyperX Cloud II
,Team Liquid,bizerra,Logitech G Pro X Superlight Black,1000,800,0.26,208,,Alienware AW2521HF,1920x1080,Artisan Ninja FX Zero Soft,Alienware AW420K,HyperX Cloud III
,Fnatic,Leo,Razer Deathadder V3 Pro White,1000,400,0.41,164,1,ZOWIE XL2566K,1280x1024,Artisan Ninja FX Zero XSoft Orange,Wooting 60 HE,
,Fnatic,Boaster,Fnatic x Lamzu Maya 8K (Unreleased),1000,400,0.49,196,1,ZOWIE XL2566K,1920x1080,Fnatic FOCUS3 MAX,Wooting 60 HE,Logitech G Pro X Headset
,Fnatic,Alfajer,Razer Deathadder V3 Pro White,1000,400,0.45,180,1,ZOWIE XL2566K,1920x1080,Artisan Hayate Otsu XSoft,Wooting 60 HE,HyperX Cloud II
,Fnatic,Derke,Logitech G Pro X Superlight 2 White,2000,400,0.74,296.00,1.00,ASUS ROG PG27AQDM,2560x1440,Logitech G640 Original,Razer Huntsman V3 Pro TKL Black,HyperX Cloud II Gun Metal
,Fnatic,Chronicle,Ninjutso Sora V2,4000,800,0.2,160.00,0.95,ASUS ROG PG27AQDM,2560x1440,La Onda BLITZ,Razer Huntsman V3 Pro TKL Black,beyerdynamic MMX 300
,Fnatic,hiro,Logitech G Pro X Superlight Black,8000,1600,0.12,192,1,ZOWIE XL2566K,1920x1080,Artisan Ninja FX Zero Soft Orange,Corsair K70 RGB TKL,HyperX Cloud II
,FURIA,Khalil,Logitech G Pro X Superlight Black,1000,1600,0.21,336,1,ZOWIE XL2546,1920x1080,ZOWIE G-SR-SE Gris,Razer Huntsman V3 Pro Mini,HyperX Cloud II
,FURIA,mwzera,Razer Viper V3 Pro White,2000,1600,0.14,224.00,0.89,ZOWIE XL2546K,1280x1024,SteelSeries QcK Heavy,Razer Huntsman V3 Pro Mini,HyperX Cloud II
,FURIA,xand,Razer Viper V3 Pro White,1000,1600,0.25,400,0.9,ZOWIE XL2546K,1920x1080,VAXEE PA FunSpark V2,Razer Huntsman V3 Pro Mini,HyperX Cloud Alpha
,FURIA,nzr,Logitech G Pro X Superlight 2 Magenta,1000,800,0.45,360,1,ZOWIE XL2566K,1920x1080,VAXEE PA PRIZM,Razer Huntsman V3 Pro Mini,HyperX Cloud II
,FURIA,havoc,Logitech G Pro X Superlight Black,1000,800,0.37,296,,AOC AG251FZ,1920x1080,Artisan Ninja FX Zero Mid,Razer Huntsman V3 Pro Mini,HyperX Cloud II
,Apeks,soulcas,Lamzu Atlantis Mini Pro,4000,1600,0.121,193.60,0.88,Alienware AW2521H,2560x1440,Artisan Type 99 Matcha,Wooting 60 HE,HyperX Cloud II
,Apeks,AvovA,Razer Viper V3 Pro White,4000,1600,0.15,240.00,1.1,ZOWIE XL2546,1920x1080,Lethal Gaming Gear Saturn Pro,Razer Huntsman V3 Pro TKL Black,Logitech G Pro X Wireless Headset
,Apeks,MOLSI,Razer Viper V3 Pro Black,1000,1600,0.135,216.00,1,ZOWIE XL2566K,1280x960,Artisan Ninja FX Zero XSoft Orange,Wooting 60 HE,HyperX Cloud III
,Apeks,hype,VAXEE ZYGEN NP-01 Wireless Black,1000,800,0.35,280,1,ZOWIE XL2566K,1920x1080,Artisan Ninja FX Zero XSoft,Wooting 60 HE,Razer BlackShark V2 Pro Black
,MIBR,tteuw,Logitech G402,1000,2000,0.375,750,1,ZOWIE XL2546,1920x1080,SteelSeries QcK Heavy,,Logitech G Pro X Headset
,MIBR,jzz,Razer Viper V3 Pro Black,1000,800,0.3,240,1,,1920x1080,VAXEE PA FunSpark V2,Logitech G Pro X Keyboard,HyperX Cloud II Gun Metal
,MIBR,RgLM,Razer Viper V3 Pro Black,,800,0.4,320,,,,ZOWIE G-SR-SE Gris,Razer Huntsman V3 Pro TKL Black,HyperX Cloud II
,MIBR,liazzi,Razer DeathAdder V3 Pro Faker Edition,4000,800,0.6,480,,AOC AG251FZ,1280x960,SteelSeries QcK Heavy,Wooting 60 HE,Logitech G Pro X Wireless Headset
,MIBR,mazin,ZOWIE EC2-CW,1000,800,0.35,280,1,ZOWIE XL2546,1920x1080,SteelSeries QcK Heavy,Razer Huntsman V3 Pro TKL Black,HyperX Cloud II
,MIBR,artzin,Razer Viper V3 Pro White,1000,1600,0.3,480,,ZOWIE XL2566K,1920x1080,ZOWIE G-SR-SE Gris,SteelSeries Apex Pro TKL (2023),HyperX Cloud II
,Bilibili Gaming,Knight,Logitech G Pro X Superlight Black,1000,400,0.691,276.4,1,ZOWIE XL2566K,1920x1080,Logitech G640 Original,Logitech G Pro X Keyboard,HyperX Cloud II
,Bilibili Gaming,yosemite,Xtrfy M8 Frosty Mint,1000,800,0.3,240,,ZOWIE XL2566K,1280x960,Artisan Ninja FX Zero XSoft Orange,Wooting 60 HE,
,Bilibili Gaming,biank,VAXEE XE Wireless White,,800,0.314,251.2,,ZOWIE XL2566K,1440x1080,ZOWIE G-SR-SE Rouge,Wooting 60 HE,
,Bilibili Gaming,whzy,Razer Viper V3 Pro Black,1000,1600,0.13,208.00,1,ZOWIE XL2566K,1600x1024,VAXEE PA Y22,Razer Huntsman V3 Pro Mini,
,All Knights,adverso,Logitech G Pro X Superlight White,1000,400,0.5,200,1,,1920x1080,X-raypad Aqua Control+,Varmilo VA87M Summit,HyperX Cloud II Wireless
,3DMAX,Davidp,Logitech G Pro X Superlight Black,1000,400,0.68,272,1,ZOWIE XL2546,1920x1080,SteelSeries QcK Heavy,Xtrfy K4 RGB,HyperX Cloud II
,S2G,russ,ZOWIE EC2-CW,1000,800,0.45,360,1,ASUS TUF VG259QM,1920x1080,SteelSeries QcK Heavy,,Logitech G Pro X Headset
,S2G,AsLanM4shadoW,Logitech G Pro X Superlight Red,1000,400,0.45,180,0.9,ZOWIE XL2546,1920x1080,SteelSeries QcK Large,Razer BlackWidow X Chroma Mercury,HyperX Cloud II
,S2G,aimdll,Razer Deathadder V3 Pro Black,1000,800,0.27,216,1,ZOWIE XL2546K,1280x960,ZOWIE G-SR,Razer BlackWidow Elite,HyperX Cloud II
,Ovation Esports,Luzuh,Razer Deathadder V3 Pro Black,1000,400,0.541,216,1,ZOWIE XL2540,1280x960,Razer Gigantus V2,Razer Huntsman V3 Pro,Razer BlackShark V2
,Rex Regum Qeon,Monyet,ZOWIE EC2-CW,1000,400,0.632,252.8,1,ZOWIE XL2546K,1920x1080,Logitech G640 Black,Wooting 60 HE,HyperX Cloud II Pink
,TBK Esports,DeNaro,Razer Viper Ultimate,1000,400,0.520,208,1,Acer Predator XB252Q,1920x1080,Razer Gigantus,HyperX Alloy FPS,
,FUT Esports,cNed,ZOWIE U2,1000,800,0.3,240,1,ZOWIE XL2546K,1920x1080,Zowie G-SR II,SteelSeries Apex Pro TKL (2023),Logitech G Pro X Headset
,FUT Esports,qRaxs,ZOWIE EC2-CW,1000,800,0.6,480,1,ZOWIE XL2566K,1920x1080,ZOWIE G-SR-SE Gris,SteelSeries Apex Pro Mini Black,HyperX Cloud II
,FUT Esports,MrFalin,Pulsar Xlite V3 Es,1000,800,0.42,336.00,1,Alienware AW2523HF,1920x1080,Artisan Ninja FX Zero Soft,Razer Huntsman V3 Pro TKL Black,
,FUT Esports,AtaKaptan,ZOWIE EC2-CW,1000,800,0.28,224,1,Alienware AW2521H,1280x960,ZOWIE G-SR-SE Bi,Logitech G Pro X TKL Keyboard Black,HyperX Cloud II
,FUT Esports,yetujey,Razer Viper V3 Pro White,1000,800,0.7,560,1,ASUS TUF VG279QM,1280x960,ZOWIE G-SR-SE Rouge,Logitech G Pro X TKL Keyboard White,Logitech G Pro X Headset
,SK Gaming,Meddo,Logitech G Pro X Superlight Black,1000,800,0.25,200,1,ZOWIE XL2546,1920x1080,,,SteelSeries Arctis Pro White
,SK Gaming,murii,G-Wolves Hati S+ 4K,1000,800,0.375,300,1,ASUS ROG STRIX XG248Q,1280x1024,Razer Gigantus V2,Razer Huntsman V2 TKL,Razer BlackShark V2
,SK Gaming,Felix,Logitech G Pro X Superlight Black,1000,800,0.34,272,0.71,ZOWIE XL2566K,1920x1080,Artisan Ninja FX Zero XSoft,Wooting 60 HE,Logitech G Pro Headset
,ONE Team,ChiaWei,Razer Viper Mini Signature Edition,1000,1600,0.11,176.00,1,ZOWIE XL2546K,1280x960,Zowie G-SR II,Wooting 60 HE,HyperX Cloud Alpha S
,Oxygen Esports,mitch,Razer Deathadder V3 Pro Black,1000,800,0.28,224,1,ZOWIE XL2540,1920x1080,HyperX Fury S Pro,Ducky One 2 Mini,Razer BlackShark V2 Pro Black
,Oxygen Esports,dapr,G-Wolves Hati S+ 4K,4000,1600,0.16,256.00,1,ZOWIE XL2566K,1920x1080,ZOWIE G-SR-SE Deep Blue,Wooting 60 HE,HyperX Cloud II Gun Metal
,Attack All Around,ChAlalala,ZOWIE FK1,1000,400,0.6,240,1,ZOWIE XL2566K,1920x1080,Artisan Ninja FX Zero Soft,Razer BlackWidow Chroma V2,HyperX Cloud Alpha
,Attack All Around,Kongared,Logitech G Pro X Superlight Red,1000,800,0.485,388,1,ZOWIE XL2546,1920x1080,Razer Gigantus,Razer Blackwidow Chroma TE V2,HyperX Cloud II
,Digital Athletics,Doma,Logitech G Pro X Superlight Black,1000,800,0.35,280,0.75,ZOWIE XL2566K,1280x1024,VAXEE PA OUTSET,Razer BlackWidow V3 Pro,Logitech G Pro X Headset
,M80,BCJ,Glorious Model D- Wireless White,1000,800,0.37,296,1,ZOWIE XL2566K,1440x1080,ZOWIE G-SR-SE Rouge,Varmilo VA87M Summit,Sennheiser GAME ONE
,M80,Zander,Logitech G Pro X Superlight Magenta,1000,1600,0.115,184.00,0.95,ZOWIE XL2566K,1920x1080,Artisan Ninja FX Zero XSoft,Wooting 60 HE,HyperX Cloud II Wireless
,M80,koalanoob,Logitech G Pro X Superlight Black,1000,400,0.627,250.80,1.013,,1920x1080,Artisan Ninja FX Zero Soft,Wooting 60 HE,HyperX Cloud Stinger II
,M80,neT,Razer Viper V2 Pro White,1000,1600,0.11,176,1,ZOWIE XL2566K,1920x1080,Artisan Ninja FX Zero Soft,Wooting 60 HE,HyperX Cloud II
,Disguised,Wayne,Razer Viper V3 Pro White,1000,800,0.4,320,0.8,ZOWIE XL2546K,1920x1080,Lethal Gaming Gear Saturn Pro,Razer Huntsman V3 Pro,Razer BlackShark V2 Pro White
,Disguised,juicy,Razer Viper V3 Pro White,4000,800,0.345,276,0.885,ZOWIE XL2566K,1280x1024,Lethal Gaming Gear Saturn Pro,Razer Huntsman V3 Pro TKL Black,Razer BlackShark V2 Pro White
,Disguised,Vera,Razer Viper V3 Pro White,1000,1600,0.154,246.4,1,ZOWIE XL2546K,1920x1080,Razer Gigantus V2,Razer Huntsman V3 Pro Mini,Razer BlackShark V2 Pro Black
,ALTERNATE aTTaX,stavros,Logitech G Pro X Superlight White,1000,1600,0.19,304,1,ZOWIE XL2566K,1920x1080,HyperX Fury S Pro,Xtrfy K2 RGB,Beyerdynamic MMX 150
,ALTERNATE aTTaX,Magnus,Logitech G Pro X Superlight 2 Black,2000,400,0.5,200,1.0,ZOWIE XL2566K,1920x1080,SteelSeries QcK Heavy,Wooting 60 HE,HyperX Cloud Alpha S
,ALTERNATE aTTaX,Jini,Logitech G Pro X Superlight Black,1000,800,0.2,160.00,1,AOC 24G2Z,1920x1080,Artisan Ninja FX Zero Soft,Wooting 60 HE,SteelSeries Arctis Nova 1
,ALTERNATE aTTaX,kovaQ,Logitech G Pro X Superlight Black,1000,400,0.5,200.00,1,ZOWIE XL2540K,1920x1080,ZOWIE G-SR,Logitech G Pro X Keyboard,Logitech G332
,KPI Gaming,B1sk,Logitech G Pro X Superlight Black,1000,800,0.47,376,1,ZOWIE XL2566K,1920x1080,ZOWIE G-SR-SE Rouge,Varmilo VA87M Beijing Opera,HyperX Cloud Alpha S
,Mandatory,HyP,Razer Viper V3 Pro Black,8000,3200,0.087,278.40,1,,1920x1080,,Razer Huntsman V3 Pro TKL Black,Razer BlackShark V2 Pro Black
,Mandatory,SoOn,Razer Viper V3 Pro Black,1000,1600,0.23,184.00,1,ZOWIE XL2540K,1280x960,WALLHACK MO-001,Razer Huntsman V3 Pro Mini,Razer BlackShark V2 Pro Black
,Mandatory,Cyvoph,Razer Viper V3 Pro Black,1000,800,0.3,240,1,ZOWIE XL2746S,1280x960,Razer Strider,Wooting 60 HE,Razer BlackShark V2 Pro Black
,Mandatory,Goaster,Logitech G Pro X Superlight 2 Black,1000,800,0.4,320,1,ZOWIE XL2746S,1920x1080,SteelSeries QcK Heavy,Wooting 60 HE,Razer BlackShark V2 Pro Black
,Mandatory,TheBigFiz,Razer Viper V3 Pro Black,1000,400,0.41,164,1,ZOWIE XL2746S,1920x1080,Razer Strider,Razer Huntsman V3 Pro TKL Black,Razer BlackShark V2 Pro Black
,Mandatory,Akumaaaaaaa,Razer Deathadder V3 Pro Black,1000,400,0.8,320,1,ZOWIE XL2746S,1920x1080,Razer Gigantus V2,Razer Huntsman V3 Pro,Razer BlackShark V2 Pro Black
,UCAM Esports Club,L1NK,VAXEE XE Wireless Black,1000,800,0.24,192,1,ZOWIE XL2566K,1920x1080,VAXEE PB,Wooting 60 HE,HyperX Cloud II
,UCAM Esports Club,OLIZERA,Logitech G Pro X Superlight 2 White,2000,800,0.35,280,1,ZOWIE XL2546K,1920x1080,Lethal Gaming Gear Saturn Pro Red,Wooting 60 HE,HyperX Cloud II
,Unicorns of Love,nico,Logitech G Pro X Superlight Black,1000,400,0.4,160,1,Alienware AW2518H,1280x1024,Glorious 3XL,Logitech G Pro X Keyboard,Logitech G Pro X Wireless Headset
,SuperMassive Esports,Izzy,Logitech G Pro X Superlight Black,1000,400,0.506,202.4,0.852,ZOWIE XL2546,1920x1080,,Corsair K70 RGB,HyperX Cloud II
,SuperMassive Esports,MOJJ,Logitech G Pro X Superlight Red,1000,400,0.6,240,1,ASUS ROG STRIX XG248Q,1920x1080,ZOWIE G-SR-SE Rouge,HyperX Alloy Origins,HyperX Cloud II
,Made In Thailand,cgrs,FinalMouse Starlight Pro,1000,400,0.66,264,1,,1280x1024,Artisan Hayate Otsu Soft,,
,FULL SENSE,SuperBusS,ZOWIE EC1-CW,1000,800,0.29,232,1,ZOWIE XL2566K,1920x1080,ZOWIE G-SR-SE Rouge,Custom Keyboard,HyperX Cloud III Wireless
,FULL SENSE,sushiboys,VAXEE ZYGEN NP-01S Wireless Pink,1000,800,0.37,296,0.9,ZOWIE XL2546K,1920x1080,ZOWIE G-SR,Glorious GMMK Pro,Logitech G Pro X Headset
,FULL SENSE,LAMMYSNAX,Logitech G Pro X Superlight Black,1000,800,0.244,195.2,1,ZOWIE XL2566K,1920x1080,Lethal Gaming Gear Saturn Pro Red,Wooting 60 HE,Sennheiser GAME ZERO
,FULL SENSE,foxz,Razer Viper Mini Signature Edition,1000,800,0.37,296.00,1,ZOWIE XL2546K,1920x1080,Artisan Ninja FX Zero XSoft,Custom Keyboard,HyperX Cloud II Pink
,FULL SENSE,PTC,Logitech G Pro X Superlight White,1000,800,0.35,280.00,1,ZOWIE XL2546,1440x1080,SteelSeries QcK Heavy XXL,Wooting 60 HE,Logitech G Pro X Headset
,FULL SENSE,JohnOlsen,Logitech G Pro X Superlight 2 Black,4000,800,0.4,320.00,1,ZOWIE XL2566K,1920x1080,Logitech G640 Black,Razer Huntsman V2,HyperX Cloud II
,NAOS Esports,witz,VAXEE OUTSET AX,1000,800,0.410,328,,ZOWIE XL2546K,,Corsair MM350 Champion Series,Corsair K70 RGB TKL,
,Team Secret,JessieVash,Glorious Model D Wireless,1000,800,0.42,336,0.91,ZOWIE XL2546K,1920x1080,Corsair MM350 Champion Series,Corsair K70 RGB TKL,Corsair HS80
,Team Secret,Dispenser,VAXEE ZYGEN NP-01,1000,450,0.440,198,1,ZOWIE XL2546,1920x1080,Corsair MM350 Champion Series,SteelSeries Apex Pro TKL,
,Team Secret,BORKUM,ZOWIE EC3-C,1000,400,0.65,260,1,ZOWIE XL2546K,1920x1080,Corsair MM350 Champion Series,Corsair K70 RGB TKL,Corsair HS80 RGB USB
,FENNEL,Xdll,Razer Viper V3 Hyperspeed,1000,800,0.285,228,1,ZOWIE XL2546K,1920x1080,Razer Strider,Razer Huntsman V3 Pro TKL Black,Razer BlackShark V2 Pro White
,KOI,Sheydos,Logitech G Pro X Superlight Red,1000,400,0.83,332,1.1,ZOWIE XL2546K,1280x960,Razer Gigantus V2,Logitech G Pro X Keyboard,Logitech G Pro X Headset
,KOI,starxo,Logitech G Pro X Superlight Black,1000,800,0.39,312,1,ASUS ROG STRIX XG248Q,1280x1024,ZOWIE G-SR-SE Gris,Logitech G Pro X Keyboard,HyperX Cloud II
,KOI,GRUBINHO,Razer Viper V3 Pro Black,1000,1600,0.135,216,,ASUS TUF VG258QM,1920x1080,Artisan FX Hien XSoft Wine Red,Wooting 60 HE,Razer BlackShark V2 Pro White
,KOI,kamo,Razer Viper V3 Pro White,2000,1000,0.32,320,,ZOWIE XL2546,1280x960,ZOWIE G-SR-SE Gris,Logitech G513,
,KOI,ShadoW,Razer Viper V3 Pro White,1000,400,0.408,163.2,1,ZOWIE XL2546,1920x1080,Artisan Ninja FX Zero XSoft Orange,Logitech G Pro X Keyboard,Logitech G Pro X Headset
,G2 Gozen,mimi,Logitech G Pro X Superlight 2 Magenta,1000,800,0.32,256.00,1,AOC AG254FG,1280x960,Logitech G640 Original,Logitech G512,Logitech G Pro X Wireless Headset
,Karmine Corp,Shin,ZOWIE EC2-CW,1000,400,0.525,210,,,1280x960,Logitech G640 Original,,
,Karmine Corp,marteen,Logitech G Pro X Superlight Magenta,1000,800,0.39,312,1.587,Alienware AW2518H,1920x1080,Logitech G640 Black,Wooting 60 HE,Logitech G PRO X 2 Headset Black
,Karmine Corp,N4RRATE,Logitech G Pro X Superlight Black,1000,1600,0.16,256,0.825,,1920x1080,Artisan Hayate Otsu Soft,Wooting 60 HE,
,Karmine Corp,Magnum,Razer Viper V2 Pro Black,1000,400,0.22,88.00,0.9,AOC C24G1,1280x1024,SteelSeries QcK+,Wooting 60 HE,HyperX Cloud II
,Karmine Corp,tomaszy,ZOWIE EC2-C,1000,400,0.63,252,1,,1600x1024,,Wooting 60 HE,Logitech G PRO X 2 Headset White
,Talon Esports,Surf,Logitech G Pro X Superlight Magenta,1000,1600,0.145,232.00,1,ZOWIE XL2546K,1920x1080,Artisan Ninja FX Zero Soft Orange,Wooting 60 HE,Logitech G PRO X 2 Headset Black
,Talon Esports,Patiphan,Endgame Gear XM1R,1000,800,0.5,400.00,0.92,ZOWIE XL2546,1920x1080,Yuki Aim Oni Black,Custom Keyboard,Sennheiser GAME ZERO
,Talon Esports,governor,Logitech G Pro X Superlight Black,1000,1200,0.35,420,1,ZOWIE XL2566K,1920x1080,,Wooting 60 HE,beyerdynamic DT 990 Pro
,Talon Esports,ban,Logitech G Pro X Superlight White,1000,1600,0.21,336,1,ZOWIE XL2540,1440x1080,Yuki Aim Kitsune,Varmilo MA Series V2 Yakumo White TKL,Corsair HS80 RGB USB
,Talon Esports,JitBoyS,Lamzu Atlantis Mini Pro,1000,800,0.5,400.00,1,ZOWIE XL2546K,1920x1080,Artisan Hayate Otsu XSoft,Logitech G915 TKL Carbon,HyperX Cloud II
,Talon Esports,Crws,Razer Viper V3 Pro White,1000,1600,0.15,240,1,ZOWIE XL2546K,1280x960,ZOWIE G-SR,Logitech G Pro X TKL Keyboard Magenta,Razer BlackShark V2 Pro Black
,Global Esports,Russ,Logitech G Pro X Superlight Black,1000,800,0.38,304,1,ZOWIE XL2546K,1600x900,X-raypad Aqua Control+,HyperX Alloy Origins 60,HyperX Cloud II
,Global Esports,Benkai,Razer Viper V3 Pro Black,1000,800,0.25,200,0.7,ZOWIE XL2566K,1280x960,Artisan FX Hien Soft,Razer Huntsman V3 Pro TKL Black,EPOS H6PRO White
,Fokus Clan,al0rante,Razer Viper Mini Signature Edition,4000,800,0.175,140,1,ZOWIE XL2546K,1920x1080,Razer Gigantus V2,Razer Huntsman V2 TKL,Razer BlackShark V2
,Fokus Clan,Kuba,Logitech G Pro X Superlight 2 Black,2000,400,0.50,200,1,ZOWIE XL2546K,1920x1080,Artisan Ninja FX Zero XSoft,Wooting 60 HE,JBL Quantum One
,Fokus Clan,azury,Razer Viper V2 Pro White,1000,1600,0.1,160,1.1,ZOWIE XL2566K,1920x1080,Razer Gigantus Elite,Razer Huntsman V3 Pro TKL Black,Razer BlackShark V2 Pro White
,Fokus Clan,bucher,G-Wolves Hati S+ 4K,1000,1600,0.1,160.00,1,ZOWIE XL2566K,1920x1080,Artisan Ninja FX Zero Soft,Wooting 60 HE,Logitech G Pro X Headset
,Fokus Clan,SEIDER,Razer Deathadder V3 Pro Black,1000,1600,0.15,240,1,,1280x960,Razer Gigantus V2,Razer Huntsman V2 TKL,Logitech G Pro X Wireless Headset
,Fokus Clan,Matrixx,Razer Viper V3 Pro White,1000,400,0.35,140,1,ZOWIE XL2540K,1152x864,Razer Gigantus V2,Razer Huntsman V3 Pro TKL Black,Razer BlackShark V2 Pro White
,CGN Esports,DaviH,Razer Viper Mini Signature Edition,1000,800,0.28,224,1.14,ZOWIE XL2566K,1680x1050,Razer Strider,Razer Huntsman V3 Pro Mini,Razer BlackShark V2 Pro White
,CGN Esports,BennY,Razer Viper Mini Signature Edition,4000,800,0.315,252,1,ZOWIE XL2566K,1920x1080,Razer Gigantus Elite,Razer Huntsman V3 Pro TKL Black,Razer BlackShark V2 Pro White
,CGN Esports,aNguiSt,Razer Viper V2 Pro Black,2000,800,0.25,200,0.96,ZOWIE XL2566K,1920x1080,Razer Strider,Razer Huntsman V3 Pro TKL Black,Razer BlackShark V2 Pro Black
,CGN Esports,Vince,Razer Viper V2 Pro White,1000,800,0.23,184,1,ZOWIE XL2566K,1920x1080,Razer Atlas Black,Razer Huntsman V3 Pro TKL Black,Razer BlackShark V2 Pro White
,CGN Esports,elllement,Razer Viper Mini Signature Edition,1000,1600,0.22,352,1,ZOWIE XL2566K,1920x1080,Razer Strider,Razer Huntsman V3 Pro TKL Black,Razer BlackShark V2 Pro White
,KRÜ Esports,Melser,Logitech G Pro X Superlight Magenta,1000,400,0.56,224,1,Alienware AW2521H,1920x1080,Lethal Gaming Gear Saturn,Ducky One 2,Logitech G Pro X Headset
,KRÜ Esports,mta,Logitech G Pro X Superlight Black,1000,800,0.3,240,,,1920x1080,X-raypad Aqua Control Zero,HyperX Alloy Origins Core,
,KRÜ Esports,Klaus,Finalmouse Ultralight X Medium,1000,1600,0.36,576,1.144,ZOWIE XL2546K,1920x1080,VAXEE PA Black,Razer Huntsman TE,Logitech G Pro X Wireless Headset
,KRÜ Esports,Shyy,Razer Viper V2 Pro Black,1000,800,0.32,256,1,,1920x1080,Lethal Gaming Gear Saturn Pro,Razer Huntsman V2 TKL,Razer BlackShark V2 Pro Black
,KRÜ Esports,keznit,Razer Viper V3 Pro White,2000,800,0.346,276.8,1,ZOWIE XL2546K,1920x1080,Lethal Gaming Gear Saturn Pro,Wooting 60 HE,Logitech G PRO X 2 Headset Black
,KRÜ Esports,heat,Razer Viper V3 Pro White,1000,800,0.4,320,1,ZOWIE XL2566K,,Artisan Ninja FX Zero XSoft,Wooting 60 HE,HyperX Cloud II
,Turtle Troop,Corey,Endgame Gear XM2we,1000,800,0.486,388.8,1,ZOWIE XL2546,1920x1080,Artisan Ninja FX Zero Soft,Wooting 60 HE,Logitech G Pro X Headset
,Dplus KIA,exy,Logitech G Pro X Superlight Black,1000,400,0.503,201,1,ZOWIE XL2546K,1920x1080,SteelSeries QcK Heavy,Logitech G Pro X Keyboard,Logitech G433
,Dplus KIA,iNTRO,Razer Deathadder V3 Pro Black,1000,400,0.432,172.8,1,ZOWIE XL2546K,1280x1024,Artisan Hayate Otsu Soft,Wooting 60 HE,Sennheiser GSP 600
,Shopify Rebellion,seangares,HyperX Pulsefire Haste,1000,800,0.315,252,1,ZOWIE XL2546,1920x1080,HyperX Fury S Pro,HyperX Alloy FPS,HyperX Cloud Alpha
,Shopify Rebellion,meL,Razer Viper V3 Pro White,8000,800,0.32,256,1,ZOWIE XL2566K,1920x1080,Artisan FX Hien XSoft Wine Red,Wooting 60 HE,
,Shopify Rebellion,florescent,Razer Viper V3 Pro White,4000,1600,0.175,280.00,0.722,ZOWIE XL2566K,1920x1080,Artisan Ninja FX Zero Soft,Wooting 60 HE,HyperX Cloud II
,Shopify Rebellion,sarah,Endgame Gear OP1 8k Black,8000,1600,0.105,168.00,1,ZOWIE XL2566K,1920x1080,Kurosun Samurai,Wooting 60 HE,Cooler Master MH752
,Team RA’AD,Shniider,Razer Deathadder V3 Pro Black,1000,400,0.6,240,1,ZOWIE XL2546K,1280x1024,Artisan FX Hien Soft,Ducky One 2 Mini,
,Team RA’AD,Skanoodles,FinalMouse Starlight Pro,1000,800,0.36,288,1.1,,1920x1080,Artisan Hayate Otsu Soft,Wooting 60 HE,HyperX Cloud II
,Team NKT,garnetS,Logitech G Pro X Superlight Red,1000,800,0.78,624.00,1,ZOWIE XL2546K,1920x1080,Artisan FX Hien Soft,Logitech G915 TKL White,HyperX Cloud II Gun Metal
,Leviatan,C0M,Logitech G Pro X Superlight White,1000,800,0.27,216,0.9,ZOWIE XL2546,1440x1080,Gamesense RUSH,Wooting 60 HE,HyperX Cloud II
,Leviatan,Mazino,Logitech G703,1000,1600,0.22,352.00,1,ZOWIE XL2546K,1920x1080,Artisan Ninja FX Zero Soft,Wooting 60 HE,HyperX Cloud Flight
,Leviatan,tex,ZOWIE U2,2000,800,0.33,264,1.2,ASUS VG248QE,1920x1080,Artisan Ninja FX Zero XSoft,Wooting 60 HE,HyperX Cloud II
,Leviatan,kiNgg,Razer Viper V3 Pro White,1000,800,0.27,216,1,ASUS TUF VG258QM,1920x1080,Lethal Gaming Gear Saturn,Razer Huntsman V2 TKL,Razer BlackShark V2 Pro Black
,Leviatan,aspas,Logitech G Pro X Superlight 2 White,4000,800,0.4,320,1,ZOWIE XL2586X,1920x1080,Artisan Ninja FX Zero Soft,Wooting 60 HE,HyperX Cloud Alpha S
,Case Esports,Yurii,Logitech G Pro X Superlight Black,1000,800,0.3,240,1,ZOWIE XL2566K,1920x1080,,,HyperX Cloud II
,Case Esports,Kiles,Logitech G Pro X Superlight Black,1000,800,0.431,344.8,1,ZOWIE XL2540,1280x960,VAXEE PA ZYGEN,Logitech G Pro X Keyboard,Logitech G Pro X Headset
,Case Esports,GatsH,Razer Viper Ultimate,1000,400,0.4,160,1,ZOWIE XL2546K,1920x1080,Razer Gigantus V2,Razer BlackWidow V3 TKL,HyperX Cloud II
,Case Esports,lowel,Razer Viper V3 Pro Black,1000,400,0.566,226.4,1,ZOWIE XL2566K,1920x1080,Gamesense Radar,Razer Huntsman V2 TKL,Logitech G Pro X Wireless Headset
,Edward Gaming,CHICHOO,Razer Viper V3 Pro White,4000,1600,0.105,168,1,ZOWIE XL2566K,1280x960,Artisan Ninja FX Zero Mid Orange,Wooting 60 HE,HyperX Cloud II Pink
,Edward Gaming,Smoggy,Razer Viper V3 Pro White,2000,800,0.34,272,3,ZOWIE XL2566K,1920x1080,Artisan Type 99 Matcha,Razer Huntsman V3 Pro Mini,Razer BlackShark V2 Pro White
,Edward Gaming,Haodong,Logitech G Pro X Superlight 2 White,1000,400,0.69,276,1,ZOWIE XL2566K,,Artisan FX Hien XSoft Wine Red,NIZ MINI 84 V6 PRO,
,Edward Gaming,ZmjjKK,VAXEE ZYGEN NP-01S Wireless Black,4000,800,0.4,320.00,1,ZOWIE XL2566K,1280x960,Artisan Type 99 Matcha,Razer Huntsman V3 Pro Mini,HyperX Cloud III
,Edward Gaming,nobody,Razer Deathadder V3 Pro Black,1000,800,0.278,222.4,1,ZOWIE XL2566K,1280x960,Artisan Ninja FX Zero Soft Orange,Razer Huntsman V3 Pro Mini,Razer BlackShark V2 Pro Black
,ZETA DIVISION,TENNN,Logitech G Pro X Superlight Red,1000,800,0.25,200,1,ZOWIE XL2566K,1280x960,VAXEE PA Black,Wooting 60 HE,Logitech G Pro X Headset
,ZETA DIVISION,Dep,Razer Viper V2 Pro Black,1000,800,0.19,152,1,ZOWIE XL2566K,1680x1050,Pulsar ES2 Bruce Lee Edition Black,Lamzu Atlantis Pro Keyboard,Logitech G Pro X Headset
,ZETA DIVISION,SugarZ3ro,Razer Deathadder V3 Pro Black,1000,800,0.25,200.00,0.9,ZOWIE XL2566K,1280x960,Pulsar ES2 Bruce Lee Edition Black,Wooting 60 HE,Logitech G Pro X Headset
,ZETA DIVISION,Laz,VAXEE ZYGEN NP-01S Wireless Black,4000,800,0.34,272,0.75,ZOWIE XL2566K,1920x1080,VAXEE PB,ZENAIM Keyboard,Logitech G Pro X Wireless Headset
,LOUD,tuyz,Razer Viper Mini Signature Edition,8000,800,0.32,256,1,ZOWIE XL2566K,1920x1080,Artisan Ninja FX Zero Soft,Wooting 60 HE,HyperX Cloud II
,LOUD,cauanzin,VAXEE XE Wireless Yellow,1000,800,0.25,200,0.77,ZOWIE XL2566K,1920x1080,Yuki Aim Kitsune,Razer Huntsman V3 Pro TKL Black,HyperX Cloud II
,LOUD,Less,Logitech G Pro X Superlight 2 Black,4000,800,0.32,256,1,ZOWIE XL2566K,1920x1080,Lethal Gaming Gear Saturn Pro,Wooting two HE,HyperX Cloud II
,LOUD,Saadhak,Razer Viper V3 Pro Black,1000,1600,0.23,368,1,ZOWIE XL2566K,1920x1080,WALLHACK SP-004,Wooting 60 HE,HyperX Cloud II
,LOUD,pANcada,Lamzu Atlantis Mini,1000,800,0.28,224,1,ZOWIE XL2546,1920x1080,WALLHACK SY-001,Wooting 60 HE,Logitech G735
,DRX,Lothar,Razer Deathadder V3 Pro Black,1000,1600,0.20,320,1,AOC AG251FZ,1920x1080,Logitech G840,Razer Huntsman V3 Pro TKL Black,Razer BlackShark V2 Pro Black
,DRX,fiveK,Razer Viper V2 Pro Black,4000,400,0.485,194,0.76,ZOWIE XL2546K,1440x1080,SteelSeries QcK Heavy,Razer Huntsman V3 Pro TKL Black,Razer BlackShark V2 Pro Black
,DRX,MaKo,Razer DeathAdder V3 Pro Faker Edition,1000,400,0.45,180.00,1,ZOWIE XL2546S,1920x1080,SteelSeries QcK Heavy,Razer Huntsman V3 Pro TKL Black,Razer BlackShark V2 Pro Black
,DRX,BeYN,Razer Viper V3 Pro White,1000,800,0.35,280,1,,1920x1080,SteelSeries QcK Edge,Razer Huntsman V3 Pro Mini,Razer BlackShark V2 Pro Black
,DRX,Foxy9,Razer Viper V3 Pro White,1000,800,0.314,251.20,1,ZOWIE XL2566K,1920x1080,Artisan Ninja FX Zero Soft,Wooting 60 HE,Razer BlackShark V2 Pro Black
,DRX,BuZz,Razer Viper V3 Pro White,1000,400,0.54,216.00,1.0,ZOWIE XL2546K,1280x960,X-raypad Aqua Control+,Razer Huntsman V3 Pro Mini,Razer BlackShark V2 Pro Black
,DRX,Flashback,Razer Viper V3 Pro White,1000,400,0.35,140.00,1,ZOWIE XL2546S,1920x1080,Artisan Hayate Otsu Mid,Razer Huntsman V3 Pro TKL Black,Razer BlackShark V2 Pro Black
,Gentle Mates,beyAz,Razer Deathadder V3 Pro Black,1000,1600,0.122,195.20,0.9,ZOWIE XL2566K,1280x960,Lethal Gaming Gear Saturn Pro,Razer Huntsman V3 Pro,Razer BlackShark V2 Pro Black
,Gentle Mates,nataNk,Razer Deathadder V3 Pro Black,1000,1600,0.2,320.00,1.2,Alienware AW2521H,1280x960,VAXEE PA O22,Razer Huntsman V3 Pro TKL Black,Razer BlackShark V2 Pro Black
,Gentle Mates,TakaS,Razer Viper V3 Pro Black,1000,400,0.48,192,1,ZOWIE XL2546K,1920x1080,ZOWIE G-SR-SE Gris,Razer Huntsman V3 Pro TKL Black,Razer BlackShark V2 Pro Black
,Gentle Mates,LOGAN,Razer Deathadder V3 Pro Black,1000,800,0.175,140,1,ZOWIE XL2546K,,SteelSeries QcK Heavy,Razer Huntsman V3 Pro,Razer BlackShark V2 Pro Black
,Gentle Mates,Wailers,Razer DeathAdder V3 HyperSpeed,8000,1600,0.125,200,1,ZOWIE XL2546K,1920x1080,Artisan Ninja FX Zero XSoft,Razer Huntsman V3 Pro,Razer BlackShark V2 Pro Black
,NORTHEPTION,Esperanza,Logitech G Pro X Superlight Black,1000,800,0.320,256,1,ZOWIE XL2546,1920x1080,SteelSeries QcK Heavy,HyperX Alloy FPS,HyperX Cloud II
,DetonatioN FocusMe,takej,ZOWIE EC2-CW,1000,1600,0.15,240,0.85,ZOWIE XL2546S,1280x960,SteelSeries QcK Heavy,Logitech G713,Logitech G Pro X Headset
,DetonatioN FocusMe,neth,Fnatic x Lamzu Thorn,4000,1600,0.16,256,1.0,ZOWIE XL2546,1920x1080,InfinityMice Shogun,Wooting 60 HE,
,DetonatioN FocusMe,Meiy,Razer Viper V3 Pro Black,4000,800,0.175,140.00,1,ZOWIE XL2546K,1440x1080,WALLHACK SP-004,Wooting 60 HE,
,DarkZero Esports,stellar,Logitech G Pro X Superlight White,1000,800,0.3,240,1,ZOWIE XL2546,1280x960,ZOWIE G-SR-SE Deep Blue,Higround Basecamp 65,HyperX Cloud II
,IGZIST,allow,Logitech G Pro X Superlight White,1000,800,0.234,187,1,ZOWIE XL2546,1920x1080,SteelSeries QcK Heavy,Logitech G Pro X Keyboard,Logitech G Pro X Headset
,Evil Geniuses,derrek,Logitech G Pro X Superlight 2 Black,2000,800,0.34,272.00,0.9,ZOWIE XL2546K,1920x1080,ZOWIE G-SR-SE Rouge,Higround Basecamp 65,HyperX Cloud II
,Evil Geniuses,Apoth,Logitech G Pro X Superlight Black,,800,0.3,240,,,1920x1080,ZOWIE G-SR-SE Rouge,Corsair K95 RGB PLATINUM,HyperX Cloud Alpha
,Evil Geniuses,NaturE,WLMouse BEAST X Silver,1000,800,0.508,406.4,0.68,ASUS ROG SWIFT PG259QN,1920x1080,Logitech G640 Original,Logitech G915 TKL Carbon,
,Evil Geniuses,supamen,WLMouse BEAST X Mini Black,2000,800,0.284,227.2,0.85,ZOWIE XL2540,1920x1080,Kurosun Samurai,Corsair K65 TKL,HyperX Cloud II
,Evil Geniuses,jawgemo,Logitech G Pro X Superlight 2 Black,2000,800,0.479,383.20,1,ZOWIE XL2566K,1920x1080,X-raypad Aqua Control Pro Neon Mid,Wooting 60 HE,HyperX Cloud II
,Bleed eSports,Zest,Razer Viper V3 Hyperspeed,1000,400,0.56,224,1,ZOWIE XL2546K,1920x1080,ZOWIE G-SR,Wooting 60 HE,Razer BlackShark V2 Pro Black
,Bleed eSports,sScary,Pulsar Xlite V3 Es,1000,1600,0.18,288,1.1,ZOWIE XL2566K,1920x1080,Artisan Ninja FX Zero XSoft,Logitech G Pro X Keyboard,HyperX Cloud III
,Bleed eSports,Deryeon,Pulsar X2 V2,1000,1600,0.13,208,1.15,ZOWIE XL2546K,1920x1080,Kurosun Samurai,Wooting 60 HE,HyperX Cloud II
,Bleed eSports,yay,Logitech G Pro X Superlight 2 Black,1000,800,0.27,216,1,ZOWIE XL2566K,1920x1080,Kurosun Samurai,Wooting 60 HE,HyperX Cloud II
,Bleed eSports,crazyguy,Razer Deathadder V3 Pro Black,4000,800,0.29,232.00,1,ZOWIE XL2566K,1920x1080,Lethal Gaming Gear Saturn Pro,,HyperX Cloud II Wireless
,BBL Esports,pAura,Logitech G Pro X Superlight Black,1000,400,0.6,240,1,ZOWIE XL2546,1920x1080,SteelSeries QcK+,HyperX Alloy FPS Pro,HyperX Cloud II
,BBL Esports,Elite,,1000,800,0.32,256,,ZOWIE XL2546,1920x1080,,,HyperX Cloud II
,BBL Esports,QutionerX,Logitech G Pro X Superlight Red,1000,800,0.214,171.2,,ZOWIE XL2546,1280x960,Corsair MM350 Champion Series,HyperX Alloy Elite,HyperX Cloud II
,BBL Esports,reazy,Xtrfy M4 Wireless White,,800,0.22,176,,ZOWIE XL2566K,1920x1080,,,HyperX Cloud II
,BBL Esports,Brave,Endgame Gear XM2we,1000,400,0.85,340,1,ZOWIE XL2546K,1920x1080,ZOWIE G-SR-SE Rouge,Logitech G Pro X Keyboard,Logitech G Pro X Headset
,T1,Carpe,VGN Dragonfly F1 Pro,4000,900,0.234,210.6,1,ZOWIE XL2566K,1920x1080,Artisan Ninja FX Zero XSoft,Wooting 60 HE,Sennheiser GAME ZERO
,T1,iZu,Razer Viper V3 Pro White,4000,1600,0.2,320,,,1280x960,Artisan Raiden FX XSoft,Razer Huntsman V3 Pro TKL Black,
,T1,Rossy,Razer Deathadder V3 Pro White,1000,1600,0.154,246.4,1,ASUS TUF VG279QM,1280x1024,Artisan Ninja FX Zero XSoft,Wooting 60 HE,Logitech G Pro X Headset
,T1,Sayaplayer,Razer Viper Mini Signature Edition,1000,1000,0.339,339,0.9,ZOWIE XL2546K,1920x1080,VAXEE PA Pcute,Wooting 60 HE,HyperX Cloud II Wireless
,T1,stax,Logitech G Pro X Superlight 2 Magenta,4000,400,0.42,168.00,0.9,ZOWIE XL2546S,1920x1080,Lethal Gaming Gear Saturn Pro Red,Razer Huntsman V3 Pro Mini,Razer BlackShark V2 Pro Black
,T1,xccurate,Logitech G Pro X Superlight 2 Black,2000,400,0.59,236,1,ZOWIE XL2546,1280x960,Zowie G-SR II,Razer Huntsman V3 Pro TKL White,Logitech G PRO X 2 Headset White
,Team Heretics,MiniBoo,Razer Deathadder V3 Pro White,4000,800,0.29,232,1.05,ZOWIE XL2540,1600x900,Logitech G840,Logitech G Pro X TKL Keyboard Magenta,Logitech G PRO X 2 Headset White
,Team Heretics,RieNs,Logitech G Pro X Superlight 2 White,1000,800,0.27,216,,,1920x1080,Artisan Hayate Otsu XSoft,Wooting 60 HE,
,Team Heretics,SirMaza,VAXEE XE Wireless Yellow,1000,400,0.5,200,1,ZOWIE XL2566K,1920x1080,ZOWIE G-SR,SteelSeries Apex Pro TKL (2023),JBL Quantum One
,Team Heretics,Boo,Razer Viper V2 Pro White,1000,400,0.75,300,1,ZOWIE XL2546,1280x960,Logitech G740,Logitech G Pro X TKL Keyboard Black,HyperX Cloud II Wireless
,Team Heretics,benjyfishy,Logitech G Pro X Superlight 2 Black,1000,800,0.283,226.4,1,HP OMEN 24.5″,1280x960,GameSense Radar Benjyfishy,Wooting 60 HE,beyerdynamic DT 700 PRO X
,Team Heretics,Wo0t,Logitech G Pro X Superlight 2 White,4000,500,0.5,250,0.9,ZOWIE XL2546K,1280x960,Logitech G640 Black,Logitech G Pro X 60,Logitech G PRO X 2 Headset Black
,NRG,ethos,Logitech G Pro X Superlight 2 White,2000,1600,0.137,219.2,0.69,ZOWIE XL2546,1920x1080,VAXEE PA ZYGEN,Wooting 60 HE,HyperX Cloud II
,NRG,crashies,Logitech G Pro X Superlight 2 Black,1000,800,0.23,184,0.875,ZOWIE XL2546,1920x1080,Artisan Ninja FX Zero XSoft,Wooting 60 HE,Sennheiser GAME ZERO
,NRG,Ethan,ZOWIE EC3-CW,1000,400,0.68,272,0.81,ZOWIE XL2540,1440x1080,Lethal Gaming Gear Saturn,ASUS ROG Falchion RX Low Profile,HyperX Cloud II
,NRG,Victor,Logitech G Pro X Superlight Black,1000,800,0.275,220,1,ZOWIE XL2566K,1920x1080,Artisan Ninja FX Zero Soft Orange,Wooting 60 HE,Razer BlackShark V2
,NRG,FNS,Logitech G Pro X Superlight 2 Black,1000,400,0.55,220,1,ZOWIE XL2546,1920x1080,Artisan FX Hien XSoft,Wooting 60 HE,HyperX Cloud II
,NRG,s0m,Logitech G Pro X Superlight 2 White,2000,400,0.8,320,1,ZOWIE XL2566K,1920x1080,SteelSeries QcK Heavy,Logitech G915 TKL Carbon,HyperX Cloud Alpha
,NRG,Demon1,Razer Viper Mini Signature Edition,4000,1600,0.1,160,1,ZOWIE XL2586X,1920x1080,ZOWIE G-SR-SE Rouge,ASUS ROG Falchion RX Low Profile,HyperX Cloud II
,TSM,aproto,Razer Deathadder V3 Pro White,1000,800,0.31,248.00,1,ZOWIE XL2546K,1920x1080,SWIPE SP-FROST,Razer BlackWidow V3 TKL,HyperX Cloud II
,TSM,gMd,Logitech G Pro X Superlight Black,1000,800,0.45,360,0.85,ZOWIE XL2540,1920x1080,Logitech G640 Original,Logitech G Pro Keyboard,Logitech G Pro Headset
,TSM,seven,Logitech G Pro X Superlight Black,1000,1600,0.25,400,1,Lenovo Legion Y25-25,1920x1080,Logitech G640 Original,,Logitech G Pro X Headset
,FunPlus Phoenix,AAAAY,Razer Viper V3 Pro Black,4000,,,,,,,Zowie G-SR II,Wooting 60 HE,
,FunPlus Phoenix,Lysoar,Razer DeathAdder V3 HyperSpeed,8000,800,0.25,200,1,ZOWIE XL2566K,1920x1080,Lethal Gaming Gear Saturn Pro V2,Wooting 60 HE,
,FunPlus Phoenix,BerLIN,Razer Viper V3 Pro Black,4000,800,0.41,328,1.3,ZOWIE XL2540K,1280x1024,VAXEE PA P22,Wooting 60 HE,Razer BlackShark V2 Pro White
,FunPlus Phoenix,Autumn,Logitech G Pro X Superlight 2 Black,1000,1600,0.113,180.80,,,1920x1080,VAXEE PA ZYGEN,Wooting 60 HE,Razer BlackShark V2 Pro Black
,FunPlus Phoenix,Life,Razer Viper V3 Pro Black,,400,0.58,232.00,,,,ESPTIGER Tang Dao,Wooting 60 HE,Razer BlackShark V2 Pro Black
,Gen.G,Munchkin,Razer Viper V3 Pro Black,1000,800,0.35,280,1,ZOWIE XL2546K,1440x1080,X-raypad Aqua Control+,Razer Huntsman V3 Pro TKL Black,Sennheiser GAME ONE
,Gen.G,Karon,Logitech G Pro X Superlight Magenta,1000,800,0.2,160,1,ZOWIE XL2546K,1920x1080,X-raypad Aqua Control+,Wooting 60 HE,
,Gen.G,t3xture,Logitech G Pro X Superlight Magenta,1000,800,0.45,360,1,ZOWIE XL2546K,1920x1080,SteelSeries QcK Heavy,SteelSeries Apex Pro TKL (2023),Razer BlackShark V2 Pro White
,Gen.G,Lakia,Razer Viper Mini Signature Edition,1000,800,0.33,266.4,1,ZOWIE XL2546,1920x1080,SteelSeries QcK Heavy,Wooting 60 HE,Razer BlackShark V2 Pro White
,Gen.G,Meteor,Logitech G Pro X Superlight 2 White,2000,800,0.3,240.00,1.3,ZOWIE XL2546S,1920x1080,Artisan Hayate Otsu Soft,Wooting 60 HE,Razer BlackShark V2 Pro White
,Sentinels,SicK,Logitech G900,1000,800,0.235,188,1,ZOWIE XL2546,1920x1080,Logitech G640 Original,HyperX Alloy FPS Pro,HyperX Cloud II
,Sentinels,zombs,Logitech G Pro X Superlight Black,1000,400,0.54,216,1,ZOWIE XL2540,1920x1080,Logitech G640 Original,Gamesense Clutch,HyperX Cloud II
,Sentinels,curry,ASUS ROG Harpe Ace,1000,1600,0.14,224,1,ASUS PG248QP,1920x1080,Artisan Ninja FX Zero XSoft,Wooting 60 HE,HyperX Cloud II Wireless
,Sentinels,Zellsis,Logitech G Pro X Superlight Black,1000,800,0.215,172,0.82,ZOWIE XL2566K,1920x1080,ZOWIE G-SR-SE Gris,Wooting 60 HE,Sennheiser GAME ZERO
,Sentinels,johnqt,Logitech G Pro X Superlight 2 Black,1000,1600,0.2,320,1,ZOWIE XL2566K,1920x1080,Artisan Ninja FX Zero Soft,Wooting 60 HE,HyperX Cloud II
,Sentinels,tarik,Finalmouse Ultralight X Large,1000,800,0.471,376.8,1,ZOWIE XL2566K,1680x1050,Artisan Ninja FX Zero Soft,Wooting 60 HE,beyerdynamic DT 770 Pro
,Sentinels,Sacy,Razer Viper V3 Pro Black,2000,800,0.48,384.00,1,ZOWIE XL2546,1920x1080,ZOWIE G-SR-SE Rouge,Wooting two HE,Logitech G Pro X Headset
,Sentinels,TenZ,Logitech G Pro X Superlight 2 Black,1000,1600,0.24,384,1,ZOWIE XL2586X,1920x1080,Custom Mousepad,Wooting 60 HE,Xtrfy H1
,Sentinels,Zekken,Razer Viper V3 Pro White,1000,1600,0.175,280,0.8,ZOWIE XL2566K,1920x1080,Razer Strider,Razer Huntsman V3 Pro Mini,Razer BlackShark V2 Pro Black
,Paper Rex,d4v41,Logitech G Pro X Superlight 2 Magenta,1000,900,0.21,189.00,1.15,ZOWIE XL2566K,1280x1024,Pulsar eS2 Nezuko,Yuki Aim 65% Keyboard,Razer Hammerhead Pro V2
,Paper Rex,mindfreak,VAXEE XE-S Wireless,4000,400,0.6,240,0.9,ZOWIE XL2566K,1920x1080,Lethal Gaming Gear Saturn Pro,Wooting 60 HE,
,Paper Rex,Jinggg,G-Wolves Hati S+ 4K,2000,1600,0.177,283.20,1.1,ZOWIE XL2566K,1280x960,Artisan Ninja FX Zero XSoft Orange,Wooting 60 HE,HyperX Cloud II
,Paper Rex,something,Logitech G Pro X Superlight 2 White,1000,800,0.475,380.00,1.15,ZOWIE XL2566K,1920x1080,Yuki Aim Oni Black,Wooting 60 HE,HyperX Cloud III
,Paper Rex,f0rsakeN,Logitech G Pro X Superlight 2 White,2000,800,0.712,569.6,1,ZOWIE XL2566K,1920x1080,Logitech G640 Black,Wooting 60 HE,HyperX Cloud III
,Acend,baddyG,Razer Viper V3 Pro Black,4000,800,0.33,264,1,ZOWIE XL2566K,1920x1080,Artisan Ninja FX Zero XSoft,Razer Huntsman V3 Pro TKL Black,HyperX Cloud II
,100 Thieves,Nadeshot,G-Wolves Hati S+ 4K,1000,800,0.35,280,1,ZOWIE XL2566K,1920x1080,Higround Performance Mousepad,Custom Keyboard,Sennheiser HD 600
,100 Thieves,bang,Logitech G Pro X Superlight Black,1000,800,0.32,256,1,ZOWIE XL2566K,1920x1080,Artisan Ninja FX Zero Soft,Logitech G Pro Keyboard,Logitech G Pro X Headset
,100 Thieves,Asuna,Razer DeathAdder V2,1000,1400,0.26,364,0.7,ZOWIE XL2546K,1920x1080,Artisan Ninja FX Zero Soft,Higround Snowstone Base 65,HyperX Cloud II
,100 Thieves,Boostio,Finalmouse Ultralight X Medium,1000,800,0.233,186.4,1,LG ULTRAGEAR 27GN750-B,1920x1080,ZOWIE G-SR-SE Rouge,SteelSeries Apex Pro TKL (2023),HyperX Cloud II
,100 Thieves,eeiu,Logitech G Pro X Superlight 2 Black,2000,,,,1,ZOWIE XL2546,1920x1080,Artisan Hayate Otsu Soft,Logitech G Pro X Keyboard,
,100 Thieves,Cryocells,Logitech G Pro X Superlight Magenta,1000,800,0.3,240.00,1,ZOWIE XL2546,1440x1080,SWIPE SP-FROST,Higround Snowstone Summit 2.0 65,HyperX Cloud Stinger II
,NOEZ FOXX,Fisker,ZOWIE EC2-C,1000,800,0.35,280,1,Lenovo Legion Y25-25,1920x1080,VAXEE PA FunSpark,SteelSeries Apex Pro TKL,Logitech G Pro X Headset
,ZETA Gaming,falltw,Razer Deathadder V3 Pro Black,1000,800,0.377,301.6,1,ZOWIE XL2566K,1280x960,SteelSeries QcK+,Razer Huntsman V3 Pro TKL Black,Razer BlackShark V2 Pro Black
,GoNext Esports,Zeek,Logitech G Pro X Superlight Magenta,1000,1000,0.305,305,1,ZOWIE XL2546,1440x1080,Lethal Gaming Gear Venus,Logitech G Pro X Keyboard,Logitech G Pro X Headset
,Nongshim RedForce,Xross,Razer Viper V2 Pro Black,4000,800,0.23,184,1,ZOWIE XL2546K,1920x1080,Artisan Ninja FX Zero XSoft,SteelSeries Apex Pro Mini Black,
,Nongshim RedForce,Foxar,Razer Viper V2 Pro Black,4000,800,0.25,200,0.7,ZOWIE XL2546K,1920x1080,SteelSeries QcK Heavy,SteelSeries Apex Pro TKL (2023),Razer BlackShark V2 Pro Black
,Nongshim RedForce,Pkm,Razer Viper Mini Signature Edition,4000,1600,0.165,264,1,ZOWIE XL2546K,1920x1080,ZOWIE G-SR-SE Rouge,Wooting 60 HE,HyperX Cloud II
,Nongshim RedForce,Rap1d,Finalmouse Ultralight X Medium,4000,1600,0.1,160.00,1,ZOWIE XL2546K,1920x1080,ZOWIE G-SR-SE Rouge,Yuki Aim 65% Keyboard,HyperX Cloud III
,Nongshim RedForce,Rico,Logitech G Pro X Superlight 2 White,1000,800,0.3,240,0.75,ZOWIE XL2546K,1920x1080,Kurosun Ninja Speed,SteelSeries Apex Pro TKL (2023),
,Crest Gaming Zst,Moothie,Razer Viper V3 Hyperspeed,1000,400,0.45,180,0.7,ZOWIE XL2546,1920x1080,X-raypad Equate,HyperX Alloy Origins Core,
,Dsyre,Filu,Razer Deathadder V3 Pro White,4000,800,0.285,228,1,ZOWIE XL2546K,1920x1080,Razer Gigantus V2,Razer Huntsman Mini,Razer BlackShark V2 Pro Black
,Fire Flux Esports,Turko,Logitech G Pro X Superlight Black,1000,400,0.6,240,1,,1920x1080,HyperX Fury S Pro,HyperX Alloy FPS,HyperX Cloud II
,Fire Flux Esports,qw1,ZOWIE EC2-CW,1000,400,0.6,240.00,1,ZOWIE XL2546K,1280x960,ESPTIGER LongTeng,Anne Pro 2,Logitech G Pro X Headset
,Dragon Ranger Gaming,vo0kashu,Logitech G Pro X Superlight 2 Magenta,1000,800,0.211,168.8,1,ZOWIE XL2546K,1280x960,VAXEE PA Pcute,Wooting 60 HE,Razer BlackShark V2 Pro White
,Dragon Ranger Gaming,nizhaoTZH,Logitech G Pro X Superlight 2 Black,1000,1600,0.125,200,1,ZOWIE XL2566K,1280x960,Artisan Ninja FX Zero Soft,Wooting 60 HE,Razer BlackShark V2 Pro Black
,Dragon Ranger Gaming,Nicc,Razer Viper V3 Pro Black,1000,800,0.21,168,1,ZOWIE XL2566K,1280x960,VAXEE PB,Wooting 60 HE,Razer BlackShark V2 Pro Black
,Dragon Ranger Gaming,Dingwei,Razer Viper V3 Pro Black,1000,800,0.207,165.6,1,ZOWIE XL2566K,1280x960,VAXEE PB,Razer Huntsman V3 Pro Mini,Razer BlackShark V2 Pro Black
,Dragon Ranger Gaming,Shion7,Razer Viper V3 Pro Black,1000,800,0.3,240,1,ZOWIE XL2566K,1920x1080,Razer Gigantus V2,Razer Huntsman V3 Pro Mini,Razer BlackShark V2 Pro Black
,Dragon Ranger Gaming,TvirusLuke,Razer Deathadder V3 Pro Black,1000,800,0.485,388,1,ZOWIE XL2546K,1280x1024,VAXEE PA Winter 21,Ducky One 2,
,Free Agent,Rawkus,FinalMouse Starlight Pro,1000,800,0.4,320,1,ZOWIE XL2546,1920x1080,Artisan Ninja FX Zero XSoft,Ducky One 2 Mini,Sennheiser GAME ZERO
,Free Agent,seb,Xtrfy M4 Miami Blue,1000,400,0.420,168,0.9,ZOWIE XL2540K,1920x1080,Artisan Ninja FX Zero Soft,SteelSeries Apex Pro TKL,Sennheiser GAME ONE
,Free Agent,disk0,Logitech G Pro X Superlight Black,1000,400,0.525,210,1,Alienware AW2720HF,1920x1080,Logitech G640 Original,Logitech G Pro X Keyboard,Logitech G Pro X Headset
,Free Agent,Texta,Logitech G Pro Gaming Mouse,1000,400,0.700,280,1,Alienware AW2521HF,1920x1080,Logitech G640 Original,Logitech G Pro X Keyboard,Logitech G Pro X Headset
,Free Agent,Relyks,Logitech G Pro X Superlight Black,1000,400,0.79,316,1,ZOWIE XL2540,1920x1080,Artisan Hayate Otsu XSoft,HyperX Alloy FPS,HyperX Cloud II
,Free Agent,ZexRow,Razer Viper V2 Pro Black,1000,800,0.314,251.2,1,ZOWIE XL2566K,1920x1080,Razer Strider,Razer Huntsman V2 TKL,Razer BlackShark V2
,Free Agent,Drone,Logitech G Pro X Superlight Black,1000,800,0.34,251.2,1,ZOWIE XL2540,1920x1080,Logitech G640 Original,Logitech G Pro X Keyboard,Logitech G Pro X Headset
,Free Agent,v1xen,Logitech G Pro X Superlight Black,1000,800,0.450,360,1,AlienWare AW2518HF,,GIGABYTE AORUS AMP500,Cooler Master CK550 V2,HyperX Cloud Alpha
,Free Agent,RECIDENT,FinalMouse Starlight-12,1000,800,0.25,200,,ZOWIE XL2546K,1920x1080,Razer Gigantus,Razer Huntsman TE,Razer BlackShark V2
,Free Agent,Ange,Razer Deathadder V3 Pro Black,1000,1600,0.14,224,1,,1920x1080,Razer Acari,Razer Huntsman Mini,Razer BlackShark V2 Pro Black
,Free Agent,Trick,Razer Viper V2 Pro Black,1000,800,0.305,244,1,,1920x1080,Razer Acari,Razer Huntsman V2 TKL,Razer BlackShark V2 Pro Black
,Free Agent,psalm,Logitech G Pro X Superlight Black,1000,800,0.340,272,1,ZOWIE XL2546K,1920x1080,Artisan FX Hien Soft,Custom Keyboard,
,Free Agent,Yacine,Logitech G Pro Wireless,1000,800,0.25,200,1,ZOWIE XL2546,1920x1080,QPAD FX 50,Custom Keyboard,HyperX Cloud II
,Free Agent,vice,Logitech G Pro Wireless,1000,800,0.245,196,1,ZOWIE XL2546,1280x960,HyperX Fury S Speed Edition,Logitech G915 TKL Carbon,HyperX Cloud Revolver S
,Free Agent,babybay,G-Wolves Hati S+ 4K,1000,800,0.2,160,1,ZOWIE XL2546,1920x1080,Lethal Gaming Gear Saturn,Logitech G Pro X Keyboard,HyperX Cloud Alpha
,Free Agent,dimasick,Razer Deathadder V3 Pro Black,1000,400,0.75,300,1,ZOWIE XL2546,1280x960,Artisan Ninja FX Zero Soft,Wooting 60 HE,HyperX Cloud Alpha
,Free Agent,ZachaREEE,FinalMouse Starlight-12,1000,800,0.52,416,1,ASUS ROG SWIFT PG258Q,1920x1080,ZOWIE G-SR-SE Deep Blue,Varmilo VA87M Summit,Sennheiser GAME ONE
,Free Agent,BraveAF,Logitech G Pro X Superlight Black,1000,400,0.785,314,1,ZOWIE XL2546K,1920x1080,SteelSeries QcK Heavy,Fnatic STREAK65 LP,Logitech G Pro X Headset
,Free Agent,PoPiFresH,VAXEE OUTSET AX Funspark,1000,800,0.39,312,1,ZOWIE XL2566K,1920x1080,VAXEE PA FunSpark,Razer Huntsman Mini,HyperX Cloud II
,Free Agent,Wardell,Logitech G Pro X Superlight Black,1000,400,0.691,260.8,1.15,ZOWIE XL2566K,1920x1080,Logitech G640 Original,Logitech G Pro X Keyboard,Logitech G Pro X Headset
,Free Agent,rin,VAXEE ZYGEN NP-01S Wireless Orange,,,,,,ZOWIE XL2566K,,VAXEE PA Pcute,Logitech G715,
,Free Agent,gtnziN,Logitech G Pro X Superlight Black,1000,400,0.580,232,1,AOC G2460PF,1680x1050,ESPTIGER LongTeng,Razer Blackwidow Chroma TE V2,HyperX Cloud Alpha
,Free Agent,koldamenta,Razer Deathadder V3 Pro White,1000,800,0.3,240,1,ASUS ROG XG258Q,1440x900,Logitech G640 Original,Logitech G512,Logitech G Pro X Headset
,Free Agent,H1ber,Logitech G Pro X Superlight Black,1000,400,0.67,268,1,ZOWIE XL2566K,1440x1080,Logitech G640 Original,Logitech G Pro Keyboard,HyperX Cloud II
,Free Agent,Suggest,Logitech G Pro X Superlight Magenta,1000,1600,0.15,240,1,Alienware AW2518H,1280x960,XTEN Control,Logitech G915,Logitech G Pro X Headset
,Free Agent,JoXJo,Logitech G Pro X Superlight Black,1000,800,0.355,284,1,ZOWIE XL2566K,1280x960,Artisan FX Hien Soft,Wooting 60 HE,
,Free Agent,Subroza,Logitech G Pro X Superlight Black,1000,800,0.277,221.6,1,ZOWIE XL2566K,1920x1080,Logitech G640 Original,Logitech G Pro X Keyboard,Logitech G Pro X Headset
,Free Agent,Thwifo,Logitech G Pro Wireless,1000,800,0.28,224,1.0,Alienware AW2521HF,1600x900,SteelSeries QcK+,SteelSeries Apex Pro TKL,Sennheiser GAME ONE
,Free Agent,Sylvan,Logitech G Pro X Superlight White,1000,800,0.27,216,1,,,SteelSeries QcK Heavy,Logitech G Pro X Keyboard,ASTRO A50
,Free Agent,eko,ZOWIE EC2-CW,1000,800,0.32,256,1,,,SteelSeries QcK Heavy,Logitech G Pro X Keyboard,Corsair Void RGB Elite White
,Free Agent,TS,Logitech G Pro X Superlight White,1000,400,0.583,233,1,ASUS ROG XG258Q,1920x1080,ZOWIE G-SR,Logitech G915 TKL Carbon,Logitech G Pro X Headset
,Free Agent,Yassa,Logitech G Pro X Superlight Magenta,1000,800,0.23,184,1,GIGABYTE AORUS FI25F,1920x1080,Logitech G640 Original,Logitech G Pro Keyboard,Logitech G Pro X Wireless Headset
,Free Agent,clear,Razer Viper V3 Hyperspeed,1000,1600,0.12,192,0.7,,1920x1080,Artisan Ninja FX Zero Soft,Wooting 60 HE,beyerdynamic DT 770 Pro
,Free Agent,BabyJ,Razer Deathadder V3 Pro Black,4000,1600,0.104,166.40,1,ZOWIE XL2546,1280x960,Artisan Ninja FX Zero Soft,Wooting 60 HE,HyperX Cloud II
,Free Agent,Eggster,Logitech G Pro X Superlight Black,1000,1600,0.15,240,1,,1920x1080,HyperX Fury S Pro XL,Redragon K552 Kumara,HyperX Cloud II Wireless
,Free Agent,KRYPTIX,ZOWIE EC2-CW,1000,400,0.471,188.4,0.8,ZOWIE XL2566K,1920x1080,Zowie G-SR II,Razer Huntsman V3 Pro TKL Black,Razer BlackShark V2 Pro Black
,Free Agent,astr0,Razer Viper V3 Pro White,4000,400,0.56,224,1.5,ZOWIE XL2546K,1280x960,Artisan Ninja FX Zero Soft,Razer Huntsman V3 Pro Mini,Razer BlackShark V2 Pro Black
,Free Agent,bryce,Razer Viper V3 Pro White,1000,1600,0.2,320,1,ZOWIE XL2566K,1920x1080,Razer Gigantus V2,Razer Huntsman V3 Pro Mini,Razer BlackShark V2 Pro White
,Free Agent,Riza,Razer Viper V3 Pro White,4000,1600,0.11,176,1,ZOWIE XL2546K,1920x1080,Artisan Ninja FX Zero Soft,Razer Huntsman V3 Pro TKL Black,Razer BlackShark V2 Pro White
,Free Agent,Bazzi,Logitech G Pro X Superlight Black,1000,1600,0.17,272,0.75,Alienware AW2518H,1920x1080,HyperX Fury S Pro XL,Logitech G Pro X Keyboard,SteelSeries Arctis Pro Wireless
,Free Agent,dicey,Razer DeathAdder V3 Pro Faker Edition,4000,800,0.32,256.00,1,ZOWIE XL2546K,1920x1080,Yuki Aim Oni Black,Ducky One 2 Mini,Sennheiser GAME ONE
,Free Agent,wippie,ZOWIE EC1-CW,1000,800,0.861,688.80,0.948,ZOWIE XL2566K,1024x768,Logitech G640 NAVI,Logitech G915,Logitech G Pro X Wireless Headset
,Free Agent,FirstLove,Razer Viper V3 Pro White,2000,800,0.5,400,1.1,ZOWIE XL2546K,1920x1080,Yuki Aim Katana XL,Razer Huntsman V3 Pro TKL Black,HyperX Cloud III Wireless
,Free Agent,Marved,Razer Viper V3 Pro White,1000,800,0.306,244.8,1,ZOWIE XL2566K,1920x1080,Artisan Hayate Otsu Soft,Wooting 60 HE,Razer BlackShark V2
,Free Agent,ngiN,Razer Deathadder V3 Pro Black,1000,800,0.244,195.2,1,ZOWIE XL2566K,1920x1080,VAXEE PA Summer22,Razer BlackWidow V3 Pro,HyperX Cloud II
,Free Agent,Cutler,Logitech G Pro X Superlight Black,1000,800,0.3,240,1,ZOWIE XL2546,1920x1080,Logitech G640 Original,Logitech G Pro X Keyboard,Logitech G Pro X Headset
,Free Agent,frz,Razer Viper V3 Pro Black,1000,800,0.32,256,1,ZOWIE XL2546,1920x1080,VAXEE PA Black,Logitech G915 TKL Carbon,HyperX Cloud II
,Free Agent,fl1pzjder,Finalmouse Ultralight X Medium,1000,400,0.534,213.6,0.7,,1920x1080,VAXEE PA FunSpark V2,,
,Free Agent,nukkye,Razer Viper V3 Pro Black,2000,1600,0.175,280,1,ZOWIE XL2566K,1920x1080,Logitech G640 Original,Wooting 60 HE,Logitech G Pro X Headset
,Free Agent,roxie,Razer Deathadder V3 Pro White,1000,800,0.25,200,1,ZOWIE XL2546K,1280x960,Razer Gigantus V2,Razer Huntsman V3 Pro TKL Black,Razer BlackShark V2 Pro White
,Free Agent,Alone,Razer Viper V3 Pro White,1000,800,0.4,320,1,ZOWIE XL2546,1280x960,Razer Gigantus V2,Razer Huntsman V3 Pro TKL Black,Razer BlackShark V2 Pro White
,Free Agent,wLn,Razer Viper V3 Pro White,1000,800,0.5,400,1,ZOWIE XL2546,1280x1024,Razer Gigantus V2,Razer Huntsman V3 Pro TKL Black,Razer BlackShark V2 Pro White
,Free Agent,misu,Razer Viper V3 Pro White,4000,1600,0.16,256,1,ZOWIE XL2566K,1920x1080,Artisan Ninja FX Zero Soft,Wooting 60 HE,SteelSeries Arctis Nova Pro
,Free Agent,PROD,Logitech G Pro X Superlight White,1000,800,0.52,416.00,1.1,Alienware AW2518H,1920x1080,TT Esports Dasher,Matrix x sinatraa Keyboard,HyperX Cloud II
,Free Agent,paTiTek,Logitech G Pro X Superlight 2 White,1000,800,0.35,280.00,1,AOC AG251FZ2E,1280x960,VAXEE PA ZYGEN,Razer Huntsman V3 Pro TKL Black,Logitech G Pro X Headset
,Free Agent,ScreaM,FinalMouse Starlight Pro,1000,1600,0.184,295.6,1,Alienware AW2521H,1920x1080,Artisan Shidenkai V2 XSoft Snow White,Logitech G915 TKL Carbon,Logitech G Pro X Headset
,Free Agent,xms,Razer Deathadder V3 Pro White,4000,800,0.45,360,1,ZOWIE XL2540,1920x1080,Logitech G640 Original,Ducky One 2,HyperX Cloud II
,Free Agent,qck,Razer Viper Mini Signature Edition,1000,1600,0.28,448.00,1,ZOWIE XL2566K,1920x1080,Yuki Aim Kitsune,Razer Huntsman V3 Pro Mini,Razer BlackShark V2 Pro White
,Free Agent,k1Ng,ZOWIE EC2-CW,1000,400,0.38,152.00,0.95,ZOWIE XL2546S,1280x960,VAXEE PA Winter22,Corsair K70 RGB,HyperX Cloud II
,Free Agent,Ender,Razer Viper V3 Pro White,1000,1600,0.1,160,1,ZOWIE XL2546,1920x1080,Razer Gigantus V2,Razer Huntsman V3 Pro TKL Black,Razer BlackShark V2 Pro White
,Free Agent,Dzii,Razer Viper V3 Pro White,1000,800,0.275,220,1,ZOWIE XL2546,1920x1080,Razer Strider,Razer Huntsman V3 Pro TKL Black,Razer BlackShark V2 Pro White
,Free Agent,kon4n,Logitech G Pro X Superlight Black,1000,800,0.44,352,,,,Artisan Ninja FX Zero Soft,,
,Free Agent,AslaN,Razer Deathadder V3 Pro Black,1000,400,0.6,240,1,ZOWIE XL2546K,1920x1080,Razer Gigantus V2,Razer Huntsman V3 Pro TKL Black,Razer BlackShark V2 Pro Black
,Free Agent,Sevkaan,Logitech G Pro X Superlight Black,1000,800,0.37,296,0.53,Acer Nitro XV252QF,1920x1080,,Wooting 60 HE,Logitech G Pro X Wireless Headset
,Free Agent,treelover,Razer Viper V3 Pro Black,2000,1600,0.15,240,1,ZOWIE XL2546K,1280x960,Lethal Gaming Gear Saturn Pro,Razer Huntsman V3 Pro TKL Black,Razer BlackShark V2 Pro White
,Free Agent,AdrianL,Razer Viper V3 Pro Black,2000,1600,0.15,240,1,ZOWIE XL2566K,1920x1080,Artisan Ninja FX Zero Soft,Razer Huntsman V3 Pro Mini,Razer BlackShark V2 Pro Black
,Content Creator,GodDead,Logitech G Pro X Superlight Black,1000,400,0.691,276,1,ZOWIE XL2546S,1920x1080,SteelSeries QcK+,Varmilo VA87M Beijing Opera,HyperX Cloud Revolver S
,Content Creator,Dizzy,Endgame Gear OP1 8k Black,2000,800,0.35,280,1,ZOWIE XL2546,1920x1080,ZOWIE G-SR-SE Rouge,SteelSeries Apex Pro TKL,
,Content Creator,XAROLA,Razer Deathadder V3 Pro Black,4000,1600,0.2,320.00,,AOC 24G2Z,1920x1080,Yuki Aim Katana XL,,ASTRO A50
,Content Creator,Vorwenn,Razer Viper V3 Pro Black,1000,800,0.4,320,1,ZOWIE XL2540K,1280x960,Artisan Ninja FX Zero XSoft,Razer Huntsman TE,HyperX Cloud Alpha S
,Content Creator,Kyedae,Logitech G Pro X Superlight Black,1000,1600,0.23,368,1,ZOWIE XL2586X,1920x1080,ZOWIE G-SR-SE Gris,Wooting 60 HE,Xtrfy H1
,Content Creator,Drakonz,Razer Viper Ultimate,1000,800,0.346,274.8,1,ZOWIE XL2546,1920x1080,Artisan Ninja FX Zero Soft,SteelSeries Apex Pro TKL,HyperX Cloud Alpha
,Content Creator,sinatraa,Logitech G Pro X Superlight 2 White,1000,800,0.387,309.6,1,ZOWIE XL2546,1920x1080,Logitech G640 Original,Matrix x sinatraa Keyboard,HyperX Cloud II
,Content Creator,Horcus,Razer Viper Ultimate,1000,800,0.315,252,1,ZOWIE XL2546,1920x1080,GIGABYTE AORUS AMP500,Razer Huntsman Elite,HyperX Cloud II
,Solary,memset,Logitech G Pro X Superlight Black,1000,400,0.39,156,,ZOWIE XL2546K,1920x1080,Razer Gigantus V2,Razer Huntsman TE,Razer BlackShark V2
,Solary,iDex,VAXEE ZYGEN NP-01S Wireless Black,1000,800,0.35,280,1,ZOWIE XL2566K,1920x1080,ZOWIE G-SR-SE Blue,Wooting 60 HE,Razer BlackShark V2 Pro Black
,Fusion Esports,Tacolilla,Logitech G Pro X Superlight Black,1000,800,0.47,376,1,ZOWIE XL2546K,1680x1050,VAXEE PA P22,Razer Huntsman TE,Logitech G Pro X Headset
,Riddle Order,Seoldam,Razer Viper V3 Pro Black,1000,1600,0.16,256.00,0.95,ZOWIE XL2566K,1920x1080,SteelSeries QcK Heavy,Razer Huntsman V3 Pro Mini,Logitech G Pro X Wireless Headset
,DVM Esports,keloqz,Logitech G Pro X Superlight Black,1000,400,0.44,176,1,ZOWIE XL2546K,1920x1080,Logitech G640 Original,Logitech G Pro X Keyboard,Logitech G Pro X Wireless Headset
,DVM Esports,szimpli,Logitech G Pro X Superlight 2 Magenta,4000,800,0.205,164,0.887,ZOWIE XL2566K,1280x960,Artisan Ninja FX Zero Mid Orange,Wooting 60 HE,Logitech G Pro X Headset
,Titan Esports Club,Rb,Razer Viper V3 Pro White,2000,1600,0.175,280.00,1,ZOWIE XL2566K,1920x1080,Razer Strider,Razer Huntsman V3 Pro Mini,Razer BlackShark V2
,Eintracht Frankfurt,xanarchy,Razer Deathadder V3 Pro Black,1000,800,0.4325,346,0.7,ZOWIE XL2566K,1920x1080,VAXEE PA ZYGEN,Razer Huntsman V3 Pro TKL Black,Razer BlackShark V2 Pro Black
,Eintracht Frankfurt,luckeRRR,Razer Deathadder V3 Pro Black,8000,800,0.39,312,1,ZOWIE XL2546K,1920x1080,Razer Gigantus V2,Razer Huntsman V3 Pro,Razer BlackShark V2 Pro Black
,Ramboot Club,neptuNo,Logitech G305,1000,800,0.3,240,1,ZOWIE XL2566K,1600x900,ZOWIE G-SR-SE Rouge,Ducky One 2 TKL,Logitech G Pro X Headset
,Ramboot Club,jannyXD,Razer Viper V2 Pro Black,1000,400,0.520,208,1,ZOWIE XL2546K,1280x768,Razer Gigantus V2,Razer BlackWidow V3 TKL,Razer BlackShark V2 Pro Black
,GAMAX Esports,Sher1o,Razer Deathadder V3 Pro Black,1000,1600,0.2,320,1,ZOWIE XL2546K,1920x1080,,Wooting 60 HE,Razer BlackShark V2 Pro Black
,GAMAX Esports,RockeT,Logitech G Pro X Superlight Black,1000,800,0.25,200,1,ZOWIE XL2546K,1920x1080,Artisan Ninja FX Zero Soft,Wooting 60 HE,HyperX Cloud II
,Maryville Esports,jcStani,Lamzu Atlantis,,800,0.4,320,1.00,,1920x1080,Logitech G640 Original,Wooting 60 HE,Audio-Technica ATH-M50X
,Maryville Esports,ec1s,Logitech G Pro X Superlight Black,1000,800,0.314,251.2,1,ZOWIE XL2566K,1920x1080,Lethal Gaming Gear Saturn Pro,Razer Huntsman V3 Pro TKL Black,HyperX Cloud II
,Valiant,d3ffo,VAXEE ZYGEN NP-01,1000,800,0.51,408,1,ZOWIE XL2546,1280x960,VAXEE PA ZYGEN,Logitech G Pro Keyboard,Sennheiser GAME ZERO
,Valiant,Ambi,Logitech G Pro X Superlight White,1000,400,0.41,164,1,ZOWIE XL2566K,1920x1080,Artisan Ninja FX Zero XSoft,Corsair STRAFE,HyperX Cloud II
,Oasis Gaming,DubsteP,Finalmouse Starlight-12 Phantom,1000,800,0.47,376,1.15,ZOWIE XL2546K,1920x1080,Corsair MM350 Champion Series,Corsair K70 RGB TKL,Corsair HS80 Wireless
,ZERANCE,UNFAKE,Logitech G Pro X Superlight Black,1000,800,0.3,240,1,ZOWIE XL2566K,1920x1080,Artisan Ninja FX Zero Soft,,HyperX Cloud II
,YFP Gaming,penny,Logitech G Pro X Superlight Black,1000,800,0.35,280,1,,1920x1080,HyperX Fury S Pro,HyperX Alloy Elite,HyperX Cloud II
,YFP Gaming,jakee,Logitech G Pro X Superlight Black,1000,800,0.217,173.6,1,ZOWIE XL2566K,1920x1080,Artisan Ninja FX Zero Soft,Wooting 60 HE,HyperX Cloud II Pink
,Moist x Shopify,v1c,Logitech G Pro X Superlight White,1000,800,0.196,156.8,1,ZOWIE XL2546K,1920x1080,SteelSeries QcK Heavy,Corsair K63,HyperX Cloud II Wireless
,GIANTX,Fit1nho,Logitech G Pro X Superlight Black,1000,800,0.314,251.2,,ZOWIE XL2566K,1920x1080,Lethal Gaming Gear Saturn Pro Red,Wooting 60 HE,HyperX Cloud II
,GIANTX,Cloud,Logitech G Pro X Superlight Black,1000,800,0.35,280,1,ZOWIE XL2566K,1920x1080,VAXEE PA FunSpark V2,Wooting 60 HE,HyperX Cloud II Pink
,GIANTX,Redgar,VAXEE XE Wireless Black,1000,800,0.27,216,1,ZOWIE XL2546K,1920x1080,ZOWIE G-SR-SE Deep Blue,Logitech G Pro X Keyboard,Logitech G Pro X Headset
,GIANTX,purp0,Logitech G Pro X Superlight 2 White,2000,800,0.35,280,0.8,ZOWIE XL2546K,1280x960,Artisan Ninja FX Zero XSoft Orange,Wooting 60 HE,HyperX Cloud II Pink
,GIANTX,hoody,Razer Viper V3 Pro White,1000,400,0.628,251.2,1,ZOWIE XL2566K,1920x1080,Logitech G640 Original,,Logitech G Pro X Headset
,RETA Esports,delz1k,Logitech G Pro X Superlight Black,1000,400,0.72,288,1,ZOWIE XL2546K,1920x1080,VAXEE PA Black,HyperX Alloy FPS Pro,HyperX Cloud Flight
,RETA Esports,murizzz,Logitech G Pro X Superlight Black,1000,800,0.45,360,0.82,AlienWare AW2518HF,1920x1080,VAXEE PA Black,Logitech G Pro Keyboard,Logitech G Pro X Wireless Headset
,RETA Esports,NagZet,ZOWIE EC2-CW,1000,400,0.58,232,1,ZOWIE XL2546K,1920x1080,VAXEE PA FunSpark V2,Logitech G915 TKL Carbon,HyperX Cloud Flight
,SZK Esports,jonba,Logitech G Pro X Superlight Black,1000,800,0.27,216,1,ZOWIE XL2540,1680x1050,ZOWIE G-SR-SE Blue,Razer Huntsman Mini,HyperX Cloud Alpha
,Murash Gaming,Reita,VAXEE ZYGEN NP-01S Wireless Black,1000,1600,0.15,240,0.9,ZOWIE XL2546,1280x960,SteelSeries QcK Heavy,Logitech G915 TKL Carbon,Logitech G Pro X Headset
,NASR Esports,7ssk7,Finalmouse Ultralight X Medium,4000,1600,0.14,224.00,1,ASUS ROG SWIFT PG259QN,1600x900,Artisan Ninja FX Zero Soft Orange,Wooting 60 HE,beyerdynamic DT 770 Pro
,HERO Base,dgzin,Logitech G Pro X Superlight 2 Black,2000,400,0.32,128.00,1,ZOWIE XL2546K,1280x768,Lethal Gaming Gear Saturn Pro,SteelSeries Apex Pro TKL (2023),
,Lucky7,Will,Logitech G Pro X Superlight Black,1000,800,0.4,320,1,ZOWIE XL2546K,1920x1080,Artisan Ninja FX Zero Mid,Ducky One 2 TKL White,EPOS H6PRO White
,Lucky7,Kanpeki,Lamzu Atlantis 4K,1000,800,0.32,256,1,ZOWIE XL2546 Divina Pink,1920x1080,Artisan Ninja FX Zero Soft,Custom Keyboard,Razer BlackShark V2 Pro Black
,Xipto Esports,enerii,Razer Viper V3 Pro White,8000,800,0.24,192.00,1,ZOWIE XL2546K,1440x1080,Artisan Ninja FX Zero Soft,Razer Huntsman V3 Pro Mini,Razer BlackShark V2 Pro Black
,Xipto Esports,Alexy,Razer Viper V3 Pro White,8000,1600,0.15,240,1,ZOWIE XL2546K,1680x1050,Artisan Ninja FX Zero XSoft,Razer Huntsman V3 Pro TKL Black,Razer BlackShark V2 Pro Black
,Xipto Esports,shirazi,Razer Viper V3 Pro White,4000,800,0.32,256,1,ZOWIE XL2546K,1680x1050,Artisan Ninja FX Zero XSoft,Razer Huntsman V3 Pro Mini,Razer BlackShark V2 Pro Black
,Xipto Esports,Kamiyu,Razer Viper V3 Pro White,4000,1600,0.159,254.4,1,ZOWIE XL2546K,1280x1024,Artisan Ninja FX Zero XSoft,Razer Huntsman V3 Pro Mini,Razer BlackShark V2 Pro Black
,Xipto Esports,Tarathiel,Razer Viper V3 Pro White,4000,800,0.6,480,1,AOC 24G2Z,1920x1080,VAXEE PA Winter22,Razer Huntsman V3 Pro TKL Black,Razer BlackShark V2 Pro Black
,NEXGA,kayle,Razer Viper V3 Pro White,8000,800,0.25,200,1.1,ZOWIE XL2566K,1920x1080,Razer Strider,Razer Huntsman V3 Pro Mini,Razer BlackShark V2 Pro White
,NEXGA,splash,Razer Viper V3 Pro White,8000,1600,0.1,160,1,AOC 24G2Z,1920x1080,Razer Strider,Razer Huntsman V3 Pro Mini,Razer BlackShark V2 Pro Black
,NEXGA,aduka,Razer Viper V3 Pro White,8000,1600,0.21,336,1.1,ZOWIE XL2546,1680x1050,Razer Strider,Razer Huntsman V3 Pro TKL Black,Razer BlackShark V2 Pro Black
,NEXGA,aplycs,Razer Viper V3 Pro White,8000,1600,0.095,152,1,Acer Predator XB241H,1920x1080,Razer Strider,Razer Huntsman V3 Pro Mini,Razer BlackShark V2 Pro White
,NEXGA,Mojo,Razer Viper V3 Pro White,8000,1600,0.3,480,1,ZOWIE XL2546,1280x960,Razer Strider,Razer Huntsman V3 Pro TKL Black,Razer BlackShark V2 Pro White
,NEXGA,Hakka,Razer Viper V3 Pro Black,8000,800,0.27,216,1,ZOWIE XL2546,1920x1080,Razer Strider,Razer Huntsman V3 Pro TKL Black,Razer BlackShark V2 Pro Black
,Ender,teddy,Razer Viper V3 Pro White,4000,800,0.16,128,0.8,Acer Nitro XV252QF,1280x1024,Razer Gigantus V2,Razer Huntsman V3 Pro Mini,Razer BlackShark V2 Pro White
,Kizuna Esports,SHINSEI,Razer Viper V3 Pro White,4000,1000,0.35,350,1,ZOWIE XL2546K,1440x1080,Razer Strider,Razer Huntsman V3 Pro TKL White,Razer BlackShark V2 Pro Black
,Kizuna Esports,ESMONDE,Razer Viper V3 Pro White,4000,800,0.26,208,1,Acer Nitro XV252QF,1920x1080,Razer Strider,Razer Huntsman V3 Pro TKL Black,Razer BlackShark V2 Pro Black
,Kizuna Esports,Kairo,Razer Viper V3 Pro White,4000,800,0.3,240,1,ZOWIE XL2546K,1920x1080,Razer Strider,Razer Huntsman V3 Pro TKL Black,Razer BlackShark V2 Pro Black
,Kizuna Esports,Reverie,Razer Viper V3 Pro White,4000,800,0.28,224,1,ZOWIE XL2546K,1920x1080,Razer Strider,Razer Huntsman V3 Pro Mini,Razer BlackShark V2 Pro Black
,Kizuna Esports,Ender,Razer Viper V3 Pro White,4000,800,0.2,160,1,ZOWIE XL2546K,1920x1080,Razer Strider,Razer Huntsman V3 Pro TKL Black,Razer BlackShark V2 Pro Black
,DRX Changers,YOME,Razer Viper V3 Pro White,2000,400,0.535,214,0.8,Acer Predator XB252Q,1920x1080,Razer Gigantus V2,Razer Huntsman V3 Pro TKL Black,Razer BlackShark V2 Pro Black
,DRX Changers,Ache,Razer Viper V3 Pro White,8000,1600,0.17,272,0.875,ZOWIE XL2540K,1920x1080,Artisan FX Hien Soft,Razer Huntsman V3 Pro Mini,Razer BlackShark V2 Pro Black
,DRX Changers,bes,Razer Viper V3 Pro White,4000,800,0.284,227.2,1,ZOWIE XL2540K,1920x1080,Lethal Gaming Gear Saturn,Razer Huntsman V3 Pro TKL Black,Razer BlackShark V2 Pro Black
,DRX Changers,Healing,Razer Viper V3 Pro White,8000,800,0.343,274.4,1.1,ZOWIE XL2540K,1920x1080,Artisan Ninja FX Zero Soft,Razer Huntsman V3 Pro TKL Black,Razer BlackShark V2 Pro Black
,DRX Changers,SeoeuN,,8000,800,0.38,304,1,,1920x1080,,,
,DRX Changers,Aika,Razer Viper V3 Pro White,8000,800,0.3,240,1,ASUS TUF VG259QM,1920x1080,ZOWIE G-SR-SE Rouge,Razer Huntsman V3 Pro TKL Black,Razer BlackShark V2 Pro Black
,DRX Changers,YuRiHaNa,,,400,0.565,226,1,,1920x1080,,,
,St. Clair Saints,geeza,VAXEE XE Black,1000,800,0.244,195.2,1,AlienWare AW2518HF,1920x1080,Artisan FX Hien Soft,Wooting 60 HE,HyperX Cloud II
,LAZE,lenne,Razer Deathadder V3 Pro Black,4000,800,0.28,224,1,ZOWIE XL2566K,1152x864,Artisan Ninja FX Zero XSoft,Razer Huntsman V3 Pro Mini,HyperX Cloud II
,Ninjas in Galaxy,shiba,Razer Viper V3 Pro Black,4000,1600,0.3,480,1,ZOWIE XL2546K,1920x1080,Artisan Hayate Otsu Soft,Razer Huntsman V3 Pro TKL Black,Razer BlackShark V2 Pro White
,Ninjas in Galaxy,joshh,Razer Viper V3 Pro White,1000,800,0.38,304,1,ZOWIE XL2566K,1920x1080,Razer Gigantus V2,Razer Huntsman V3 Pro TKL Black,Razer BlackShark V2 Pro White
